huedoesshii,channel,گلهای غربت,23409,Viva la morte🥀 @huedoes خرید آلبوم🌻
suiknaa_313,channel,يا غِياثَ المُستغيثين،📚,90,يَا مَنْ عَرَّفَني نَفْسَهُ لا تَشْغَلْني ___ -مُتعلمةٌ عَلى سبيلِ نجاة.  @sulknaabot
be_in_zodiha,channel,شرف الدین امیرپور,107,شعرها و نوشته های شرف الدین امیرپور  (تمرین ها و تجربه ها)   @sh_amirpor   #خوزستان    #گتوند
dr_malakhov,channel,Ринопластика Малахов,3787,"❣️Постарайтесь НЕ ВЫКЛЮЧАТЬ уведомления. Малахов Александр Андреевич  ⚠️ o Ринопластике БЕЗ ЦЕНЗУРЫ 🔝Узкопрофильный специалист 💫хирургия носа любой сложности 💡10+ лет практики Адрес: Садовая-Сухаревская ул., 7с1, Москва. ООО ""Олимп Клиник"""
bilmrpl,channel,БИЛ г.Мариуполь,4618,ГБУ ДНР «Многопрофильный медицинский клинический центр «Больница интенсивного лечения» г. Мариуполя» bil-mariupol.gosuslugi.ru
turisthotelmprl,channel,Отель ТУРИСТ Мариуполь,1240,"Для брони 👇🏻 +7 949 800 03 90 +7 856 94 20 111 Работаем 24/7  г.Мариуполь, Приморский бульвар д 1/5  https://hotel-turist.ru/"
mariupol_molod,channel,Молодежь Мариуполя,848,"Мы о молодости, возможностях и о том, как быть настоящим!  Официальный канал отдела по вопросам молодёжной политики Администрации городского округа Мариуполь  Мы в ВК: https://vk.com/mariupol_molod  Мы в МАХ: https://max.ru/join/S9k7nkMKoEIMnThDf5cgsLXcIO"
poputchikmariupolmezhgotod,group,Маріуполь_mrpl,480,Маріуполь_mrpl
mebelprojectru,channel,Мебель проект Мариуполь,769,"Компания Мебель проект основана в 2009 г. Мы являемся дилерами крупных фабрик России реализовано более 30 000 проектов. В нашем ассортименте: КУХНИ, Мебель по индивидуальным размерам, Спальни, Детские, Гостиные, Прихожие, Наша Группа @mebelproektmariupol"
tipich_balakovo,channel,Типичный Балаково,8960,Самый крупный телеграмм канал Балаково 🥇первое онлайн-СМИ Балаково ❗️более 100.000 читателей  Предложить новость - @blkvnews_bot По рекламе - @kkicea Реклама на бирже - https://telega.in/c/tipich_balakovo  № 6069077131
admuchkap,channel,Администрация Мучкапского муниципального округа,1043,"Официальный канал администрации Мучкапского МО  393570, Тамбовская область, Мучкапский район, р.п.Мучкапский, ул. Базарная, 6 Телефон: 8(47546) 3-12-36, факс: 8(47546) 3-15-47, E-mail: post@r46.tambov.gov.ru Режим работы: с 8-00 до 17-00,"
mayakovkacity,channel,Премиум кварталы «Маяковка»,407,"«Маяковка» - жилые кварталы, которые будут функционировать по принципу mixed-use: на единой территории рядом с офисными центрами построят жилье комфорт+ и премиум-класса с уникальной системой обслуживания.  Наш сайт: https://mayakovka-city.com"
senaraihartanahmelakazprop,channel,Senarai Hartanah Melaka Zprop,1762,"Follow channel telegram ini untuk mengikuti iklan-iklan jualan rumah kami #zpropteam.  Maklumat lanjut sila hubungi 0197775707 (Razi),  0126341542 (Farhan),  01113379522 (Nizam). Layari www.jualbelirumahmelaka.com  Admin By: @zpropbot"
rkpbdnr,channel,"ГБУ ДНР ""РКПБ"" 🏥👩‍⚕🧑‍⚕",334,"ГБУ ДНР Республиканская клиническая психиатрическая больница.  Главный врач-Студзинский О.Г.                                   адрес: г.Донецк, ул.Одинцова,19. тел.приемной: (949)361-78-66,полик-ка:(949)5746752, (949)336-10-39дет. e-mail: rkpb-dnr@mail.ru"
sokharealestates,channel,Sokha Real Estate,430,"Sokha Real Estate was founded in 2019. We commit to deliver quality, reliable service and best return on investment to our investors and partners. Tel: 067 200 777"
uradapoligon,channel,Мусорный полигон. Кумторкалинский район,263,"На этой странице будет представлена вся информация, которая выходит в свет по теме мусорного полигона в селе Новая Урада расположенного на территории Кумторкалинского района Дагестана.  Обратная связь, прислать новость 👉🏻 @propoligonurada_bot"
mi_balakovo,channel,Молодёжка Балаково,306,
shadanpropertyzprop,channel,(LISTING) Shadan Property.Zprop,151,
mfkdaglizingfond,channel,МФК «Даглизингфонд»,374,"Правительственная организация.  Предоставляем микрозаймы (5,7-14,25%) и услуги лизинга (4-6%). Консультации по тел: 56-02-65, 56-02-66.  Вся инф. на сайте: mfk-daglizing.ru, г. Махачкала, ул. Гагарина 120, 2 этаж."
mkala_kirov_rayon,channel,Кировский район Махачкала,218,"Махачкала Сепараторный посёлок,  проспект Акушинского,  Семендер, первуха , Каммаева , проспект Казбекова,  проспект Магомедтагирова"
kpbalvod,channel,"КП ""Балаклійський водоканал"" БМР ХО",233,Бот для передачі показників t.me/kpbalvod_meter_bot  Офіційний сайт: kpbalvod.net
gsp5donetsk,channel,"ГБУ ДНР ""ГСП №5 г.Донецка""",388,"ГБУ ДНР ""Городская стоматологическая поликлиника №5 г.Донецка"".ДНР г. Донецк 283092, Буденновский  район,  ул. 230-й Стрелковой дивизии, 43. Регистратура 307-89-86; регистратура ортопедическая 071-490-10-53 Главный врач - Бениаминова Ирина Марковна"
sawerp32,channel,ГБПОУ КБАПК им.Б.Г.ХАМДОХОВА Майский филиал.,241,Город Майский ул 9 мая  дом 4.
filial_gku_ra_maikopskii_raion,channel,Территориальный центр занятости населения Майкопского района,208,
mpo878official,group,MPO878_Official,260,"MPO878 » Situs Judi MPO Terlengkap dan Terpercaya Di Indonesia (Slot.poker,Casino,Sports,IDN)  WEBSITE > https://bit.ly/3d1Nix8"
lobkov_av,channel,#ДепутатЛобков,244,🇷🇺 Официальный канал депутата Законодательного Собрания Иркутской области  Официальный сайт депутата www.lobkow.ru  Электронная почта lobkow_a@mail.ru  Личные соцсети 📌https://ok.ru/profile/135697711 📌https://vk.com/lobkow_artem
gbu_gsp_gorlovka,channel,"ГБУ ДНР ""ГСП г.Горловки""",148,"https://vk.com/gbu_gsp_gorlovka  Прием пациентов в поликлинике осуществляется с 7.00 до 17.00 часов в регистратуре поликлиники. Каждый пациент имеет право выбора врача. Можно по телефонам регистратуры: 2-20-28,  +7949-476-63-74 заказать талон"
svetlana_mekerova,channel,Светлана Мекерова,168,"Заместитель председателя Совета народных депутатов МО ""Город Майкоп"""
balaklavabru,channel,Балаклавское рудоуправление,123,"Новости АО ""Балаклавское РУ"""
bilokurakynska_sva,channel,Білокуракинська СВА/OFFICIAL,125,Офіційна інформація Білокуракинської селищної військової адміністрації
molblk,channel,Молодёжь города Балаково,40,
maiskayapolyana,channel,Майская поляна,46,"""Майская поляна"" - коттеджный поселок клубного типа, состоящий из 9 индивидуальных частных домов, объединенных единый клубный поселок наш сайт https://майскаяполяна.рф наш ВК https://vk.com/maiskayapolyana наш Ютуб https://www.youtube.com/@maiskayapolyana"
melk_pro,channel,دپارتمان املاک بین‌المللی ملک‌پرو,14,مشاوره‌ حرفه‌ای سرمایه‌گذاری و خرید املاک در استان‌های تهران، البرز و شمال کشور مناطق ویژه: کردان، سرخاب و ...  اگر میخوای زمین نخوری زمین بخر!  🌐https://melk.pro  شناسه‌ی ما در شبکه‌های اجتماعی: @melk_pro  تلفن‌ تماس: 0912_208_4531 0912_0916_933
sentraltimurcom,channel,Sentraltimur.com,5,Selalu Membawa Harapan
mcpromo1,channel,MC.PROMO | Продвигаем майнкрафт сервера в TikTok и YouTube Shorts,3,mcpromo.github.io/start/
riana,channel,riana,98,@wyzwyz ??? ?????? ????? ???? ???? ?? ? ?????
rdiiss,channel,• radishhh •,46,Чтош…
rizii_kotik,group,🚨Котику Имбирю нужна помощь 🐱,73,"Срочно! Сос! Москва! Котику Имбирю очень плохо! У Имбиря ФИП!! Он пожелтел, похудел, не кушает!   Имбирь, которого выкинули на мороз предварительно облив водой, который пережил панлейкопению и большой абсцесс на холке."
radiazzia,channel,RADIAZZIA,31,
richiesdiarytz,channel,❄️ || 𝑡𝑜𝑧𝑖𝑒𝑟'𝑠 𝙗𝙡𝙤𝙜,25,
valleyofali,channel,وادي العقيق,3377,⚠️وادي العقيق لا تُمثّل مؤسّسة القمر للثقافة والإعلام ولا تُمثّل الشيخ عبدالحليم الغزّي⚠️  قناة على التليجرام لنشر الثقافة الزهرائية الأصيلة التي تُعرض على شاشة قناة القمر الفضائية.  قناة اليوتيوب:  https://www.youtube.com/channel/UCpRJTWzJ7mAnyWJkTgi
niki_liubimov,channel,💔 Любимов в Испании 🇪🇸,582,Культурная апроприация паэльи 🍿🎷🚘🍔☕️🍸❤️
wezzie1,channel,wezzieɤ,506,"#чисточат #cxnveyer dm: @KAK_YCHYTb чат:https://t.me/+IUkyiGrFwXNjOTUy https://solo.to/wezzie цены в закрепах credits:akiko,джесси белкман,вайора,колднайт,айшитеру, впустоте, чума, экстзи, m3d, dvdraxed, moler, pglocks, skywoo, молодой рубль,хулагу3g"
vasyasyaartik,channel,Vasyasya ідіотка,1114,Слава Україні 🥰  Vasyasyasketch.carrd.co
viski38,channel,Viski,170,Официальный канал фамы VISKI. Irkutsk (38) Black Russia
vaez42,channel,Таня VAEZ💞💞💞,171,"Всем привет 👋 Меня зовут Татьяна я риэлтор,а так же есть интернет магазин женской одежды https://t.me/+Uf8bgLupLvpmYzky .Я эту группу создала чтоб делится с вами ,тем что умею,создаю,творю,ну и вообще как живу)"
vuzi_confession,channel,ᕀ ׅ ๋ ᜔ׁ ࿙࿚VUZI CF ͡ ໍ࿙ ᜔𝁽⁠⁠⁠⁠╮᷼⸰💀🐦‍⬛️٭*,158,Welcome to VUzi confession❕ ࣭᷼╭𝆩࣭҇࿚𝁽֯  ͡ ໋᪽𝁽࿙˒˓𝁋֢٘╮֗᷼ ╭࡛݊ ࿚ ׅܵ ͡ ׁ  ͡ ໍ࿙ ᜔ٚ𝁽࡛࣭𝆭╮᷼⸰ owner: @Milyy_demonoff Bot: @vuzi_confbot
varyushiixtg,channel,varyushiix,100,"привеет. я сводчик варюшикс, кветис, квет, квитис, квитикс, кветикс, квестис, квэтис, кветрюшикс — называйте как хотите.. лс: @kv3t1ss навигация — t.me/varyushiixtg/10215 буст, поддержка — t.me/boost/varyushiixtg имеются упоминания других стримеров! я гей"
pvskareglazoi,channel,ᴨʙᴄ ᴏᴛ ᴋᴀᴩᴇᴦᴧᴀɜᴏй,97,•влд:@axn_480887 •влд2:@vx1ilanx •мены:@valleesims •все материалы за зв •тгк про ориги/базы/пвс •брать хоть куда кроме тгк •мой лайк https://l.likee.video/p/XA63lD
iamviceyy,channel,VICEYY,125,bnd.lc/viceyy Studio: @room616_rec Events: @offtop616
upside,channel,stankysvouches,29,active may 2025 @stanky
werzykostan,channel,Werzy,87,Лс:@absosic
zemsssky,channel,Zemsky,63,
haloedsweet,channel,ㅤㅤㅤ𖡻 ࣮֯ ︨𝓥altteri ִ ㅤꘓ,115,"࿙⃛‌࿚ִ⃛ ࿙⃛‌፝֟࿙⃛‌ֵ۫፝࿚⃛ ׁ۫⸼⸼🇷🇺ⵓ ̥݃☘️  𓌔ׅ𓌔ׄ𓌔ׅ𓌔ׄ  | Eng ok! || *´ㅅ`)  anon ::  t.me/anonaskbot?start=5vf0kz3  ﹙просьба не реквестить/упоминать инцест, педофилию и прочий парафилийский стафф﹚ⵓ ̥݃"
ventowsky,channel,• оᴛзыʙы ʙᴇнᴛоʙ,19,
wziskey,channel,Wziskey,46,
veoshang_meowky,channel,веошаньевское,31,
valikxyiam,channel,эС ВИ 𝙆𝙤𝙢𝙢 ¹⁹ʅɱασ,23,shit post    Лютый архивчик свком
radostnyy_vouches,channel,Radostnyy Vouches Переходник,17,Отзывы о кешбек и гарант сервисе  Cashback and middleman/escrow vouches  Link - @Radostnyy  All services - @radostnyy_info
wucy19,channel,`вуси,9,мяу всим приииф желаю всим дабра и пазитиф
vanesky,channel,♪♡║[ⲃыⲏⲉⲥцы ⲕⲫ]║♡♪,13,Тейки сюда кидать t.me/Vanesky?direct
wextazy_tgk,channel,wextazy_tgk,1,
keoxer,channel,ARIA KEOXER,45000,Main youtube.com/ariakeoxer  Gaming youtube.com/@KeoxerGame  English youtube.com/@keoxerverse  Podcast youtube.com/@theupsidedownbykeoxer  Kick kick.com/keoxer  IG instagram.com/keoxer  X x.com/ariakeoxer  Discord discord.gg/keoxer
masjed_rajaee,channel,مسجد شهید رجایی ارومیه,99,اطلاع‌رسانی فعالیتها و برنامه‌های👇👇👇  🌺هیئت امنا و عزاداران مسجد شهید رجایی 🌺کانون فرهنگی محبان ولایت 🌺پایگاه بسیج برادران شهید چمران و خواهران مشکات  ارتباط با ادمین @saaf_110    https://instagram.com/masjed_rajaei
rajadepo,group,Slot Gacor RAJADEPO Official,349,Situs Baru dengan Winrate Lebih tinggi
xboxiran,channel,Microsoft Xbox IRAN | مایکروسافت ایکس باکس ایران,260,اولین و قدیمی ترین مجمع مجازی ایکس باکس پلیر های پارسی زبان  کانال اصلی : @WorldGamersSociety . گپ‌سراسری گیم : 🏆 @InternationalGamingAssociation 🖤 . PS: ❄️ @PlayStationIRAN 🍫 🔱 @PlayStationAssociation 🔝 . XB: 💯 @XboxIRAN 🔥  4.7.1395
rajabotak,channel,RAJA BOTAK,235,
alkaemia_it,channel,alkaemia,207,"✨Scuola Reiki alkaemia a Ferrara✨ Reiki: un percorso, dal corpo fisico a quello sottile, per ritrovare il nostro centro e la nostra essenza più autentica, dedicandoci a noi stessi con una pratica di Autoguarigione completa. https://alkaemia.it"
rajaee_computer,channel,انجمن علمی مهندسی کامپیوتر رجایی,299,📍 کانال اطلاع‌رسانی انجمن علمی دانشکده مهندسی کامپیوتر دانشگاه تربیت دبیر شهید رجایی  ارتباط با اعضای انجمن 👇 @Rajaee_Computer_PR  شما هم می‌توانید عضو فعال انجمن کامپیوتر باشید
dobeytirobaeai,channel,رباعی و دوبیتی معاصر,265,خوش آمدید به کانال رباعی و دوبیتی معاصر *********  علی صحرائی هروی ارتباط با ادمین👎👎👎 @Iliya_sabzevari
rajapovpm,channel,RAJABOV,143,@s12rjii N5 BY TDM NEWS UZBEKISTAN 🇺🇿
dikeeylive,channel,DiKeeyLive⛩️,62,Пройти вашу игру на стриме: dalink.to/dikeeylive Чат: https://t.me/dikeeychat Twitch: twitch.tv/dikeeylive YouTube: https://youtube.com/@dikeeylive
raja5kid,channel,RAJASURGA Game - Indonesia,67,"Platform Game Online Terbaik, Terbesar Dan Terpercaya di Indonesia"
sru_airobotic,channel,انجمن علمی هوش مصنوعی و رباتیک رجایی,998,انجمن علمی رباتیک و هوش مصنوعی دانشگاه تربیت دبیر شهید رجائی تهران  راه ارتباطی با ما : @airobotic_sru_admin
nsqjwi,channel,رُكنيّ .,141,-مدونة شخصية - لتواصل بشكل مجهول: @Fadak19_bot
bamayadgiribartar,channel,کانال آموزشی یادگیری برتر,346,کانال دانشجویان #دانشگاه‌فرهنگیان و #دانشگاه‌شهید‌رجایی ↔ #داوطلبان‌کنکور #دانشجومعلمان   اینستاگرام👇👇  http://Instagram.com/yadgiribartar.ir  لینک دعوت به گروه👇👇  https://t.me/joinchat/_DQeQ6JDuV41OTlh  پشتیبان ضمن خدمت :   @yadgiribartar_Z
zimin_youtube,channel,Дизайн YouTube у Васи | Аватарки | Шапки канала | Превью,251,"Привет, меня зовут Вася Зимин, и в этом канале ты сможешь найти работы моей команды по оформлению YouTube каналов!  Наш основной канал - @zimin_design  Отзывы о нашей работе - @zimin_design_reviews  Сделать заказ 👉 @zimin1302"
orangezines,channel,апельсиновые зины [d&p zine / su zine],671,"привет, я хона, и это моя карманная зинодельня! создаю проекты по близким душе фандомам.  зин — некоммерческий печатный сборник фанатских иллюстраций, посвящённый определённой тематике.  печать возможна только в случае окупаемости."
lemonadik_mosh,channel,Лимонадный Шут🎪|РЕСТ,246,Лимка/Мошан Коммишки (закрыты): https://t.me/Lemonadik_Commission Примеры работ с ценами: https://t.me/Lemonadik_Moshan_art Анонимка: http://t.me/atimebot?start=5c1lb Чат для художников: https://t.me/Lemonyata_loveyou
zimin_portfolio,channel,Портфолио Васи Зимина | Переходник,64,Канал-прокладка с портфолио Васи Зимина и его команды!  Основной канал - @zimin_design  Отзывы - @zimin_design_reviews  Сделать заказ 👉 @zimin1302
dreampin,channel,Dream pin,84,
brazzacryptoleaks,channel,brazzacryptoleak,761,"Providing the GREATEST cryptocurrency signals for FREE. There are no better than us! Turn your crypto trades around!   We have access to over 100+ channels, sharing to you directly everyday!   CONTACT ADMIN: @mrbrazzaa"
prometheusofficialchanel,channel,Prometheus Official 🔥,961,"Official Announcement Channel of Prometheus Project.  Monthly BUSD dividends on the BNB Chain.  Fom $450,382 to $2,298,831 in Treasury in 1 year.  https://prometheusprotocol.finance/  https://twitter.com/Prometheus_DEFI"
advertisement_100,channel,تبلیغات ارزان و پر بازده,28,تبلیغات رایگان،تخفیف،بنر های غیراخلاقی و غیرقانونی نداریم  رزرو تبلیغات: @Mr_Warrior2020
s_amir_128tab,channel,تبلیغات‌پربازده‌مذهبی,304,💚پیامبر اکرم(ص):کسب روزی حلال عبادت است💚
molodoyinvestor28,channel,DENDIVIDEND,262,Финансовая грамотность для всех  Связь со мной @Deniskaaa48
erfanno1,channel,ERFAN NO1,3128,چنل یوتوب https://youtube.com/@erfanno1  خرید کانفیگ : @NO1VPN_BOT
blockchainangelo,channel,Angelo Blockchain,2498,اخبار و پروژه های کریپتو و هوش مصنوعی   کانال یوتوب:  https://youtube.com/@angeloblockchain?si=x7FDV4CZuOJhk7R3  اکانت تویتر:  @DonVangelo
mobin10ro,channel,Mobin10RO,2943,"به کانال تلگرام Mobin10RO خوش آمدید😄  ما ماینکرفت بازی میکنید , سریال میسازیم و کلی کار خفن دیگه...✨  کانال یوتوب : https://www.youtube.com/@Mobin10RO  پیج اینیستاگرام : https://www.instagram.com/mobin10ro/  سرور دیسکورد : https://discord.gg/mFkmJ9Vabd"
ghesebazii,channel,GheseBazii | قصه‌بازی,957,قصه‌بازی رو می‌شنوید قصه‌هایی از تو و خیلیا  همینجا: https://t.me/ghesebazii  اینستاگرام: instagram.com/ghesebazii  یوتوب: youtube.com/@ghesebazii
neshaschool,channel,آکادمی سواد مالی نشا,1104,آکادمی سواد مالی نشا باتجربه ۱۲ ساله خود در حوزه سواد مالی همراه والدین و فرزندان در مسیر ساخت ثروت می‌باشد. Www.neshaschool.com ارتباط با من  مریم معصومی کوچ توانمندی مالی و نویسنده کتابهای سواد مالی ویژه والدین انتشارات بورس @Masoumi_Maryam
landscape_design_tabriz,channel,انجمن علمی مهندسی فضای سبز دانشگاه تبریز,446,"Scientific Association of landscape architecture, University of Tabriz  انجمن علمی مهندسی فضای سبز دانشگاه تبریز دبیر : مریم اسدی @MaryamAsadi_AD:ارتباط با دبیر"
maryamenrussie,channel,Maryam Feudjio,2719,
duhovniy_centr_maryam,channel,Духовный женский Центр «Марьям»,2351,Кризисный центр для женщин и подростков. Анонимный чат для обращений https://t.me/maryam_center_bot
thelittlepishi,channel,حرفای‌پیشی‌کوچولو.,2675,MARYAM's DAILY ⋆₊˚❀⋆   ناشناس💌💋: @Mrympishibot
tasamaya_mariam,channel,Та самая Марьям Гаджиева,4872,Я акушерка. Тут о физическом и эмоциональном здоровье.  И мои личные рассуждения   https://www.instagram.com/mariamgadzhieva_?igsh=MWxoNG85czJjZGZqYg==
margoshatskideal,channel,маргоша джем,446,"Я Трухтанова Маргарита,спортсменка клуба «Идеал» г.Самара🤍 •БРОНЗОВЫЙ ПРИЗЁР ВСЕРОССИЙСКИХ СОРЕВНОВАНИЙ 🥉 •СЕРЕБРЯНЫЙ ПРИЗЁР МЕЖРЕГИОНАЛЬНЫХ СОРЕВНОВАНИЙ 🥈 •БРОНЗОВЫЙ ПРИЗЁР ПЕРВЕНСТВА РОССИИ🥉 пиар:любой подарок за звёзды🫶🏻 лс:@margotskideal"
dxarma_team,channel,dXarma.team,73,https://www.instagram.com/dxarma.team?igsh=MTIyNHA1Z2R0b2Z6OA==
sandipargadeinstitute,channel,𝗦𝗮𝗻𝗱𝗶𝗽 𝗔𝗿𝗴𝗮𝗱𝗲'𝘀 𝗜𝗻𝘀𝘁𝗶𝘁𝘂𝘁𝗲,106000,"मित्रांनो,         स्पर्धापरीक्षेत ' अंकगणित & बुद्धिमत्ता' या विषयाचे महत्व लक्षात घेता आणि परिक्षा पास होण्यासाठी अहम भूमिका लक्षात घेता तुमच्या साठी अत्यंत उपयोगी माहीती आपल्या channel वर मिळेल   https://t.me/SandipArgade'sInstitute"
parsitube_yt,channel,ParsiTube,4141,
parikshamanthan,channel,Pariksha Manthan®,7126,Welcome to @parikshamanthan Telegram Channel Group: @ParikshaManthan_Official 🌐 विश्वसनीयता का प्रतीक 🌐 👉 Download Android App: http://on-app.in/app/home?orgCode=gmis 👉 YouTube: https://www.youtube.com/ParikshaManthanOfficial
memeloksewaayog,channel,मीम लोक सेवा आयोग,943,"तनाव, चिंता निकट ना आवे  मीम लोक सेवा आयोग जब मीम दिखावे !☠️     Sister  channel of @contentcollector📎"
forensicbyanilkolte,channel,Dept.PSI Forensic Science 2023,4314,
axomfutureofficial,channel,Axom Future cum Eduaxomplus.com,1054,Axom Future × Eduaxomplus.com is a dedicated platform for reliable Educational and Job Updates across Assam. @hirakdenybarman WhatsApp:- 97070 49838
parsnet,channel,parsnet,97,﷽ 💢 ارتباط با ادمین  :  @aliparsnet1  ✳️ ترجمه متون انگلیسی عمومی و تخصصی  ✳️ تایپ  ✳️ تحقیقات اینترنتی +پروژه + مقاله   ✳️ثبت نام اینترنتی   ✳️ نصب ویندوز  ✳️تعمیرات تخصصی ☎️ 07154221821 📞 0917 791 6399 آدرس : جهرم میدان شهدا پاساژ مرکزی کافی نت پارس
parsidate,group,گروه توسعه افرونه پارسی‌دیت,82,
parsigif,channel,Parsi GIF,40,
nimishamam,channel,English with Nimisha Bansal,628007,Facebook  https://www.facebook.com/nimishamam Youtube https://www.youtube.com/channel/UCnRI8GekLC4QPbbJfcuxwlQ  Whatsapp 9953592800 Mail us at  support@nimishabansal.com
infinityspardhapariksha,channel,Infinity Spardha Pariksha Academy,15307,
parikshameter,channel,Pariksha Meter,4765,
parikshamargofficial,channel,Pariksha Marg,1195,Pariksha Marg is an educational mobile app and website that provides pdf notes & Test Series for all competitive exams.
chemistpoorshams,channel,شیمی پورشمس,1395,دبیر اموزش و پرورش  دکتری شیمی فیزیک Chemistpoorshams.ir Chemistpoorshams.blogfa.com ارتباط با ما از طریق آیدی زیر: @Mapsh66
psir_levelupias,channel,PSIR LevelUp IAS,517,"This channel is the most unique channel for UPSC CSE PSIR optional. We provide a one stop solution for all current developments, concepts, detailed videos under the guidance of Chandan Kumar. Please feel free to contact her on 8700521957. Thank you"
chemeng_iust_book,channel,کتابخانه ی انجمن علمی مهندسی شیمی دانشگاه علم و صنعت ایران,216,📚 کانال کتابخانه ی انجمن علمی مهندسی شیمی📚 دانشگاه علم و صنعت ایران  🔸️لینکدین https://www.linkedin.com/company/chemsciiust  🔹️تلگرام و بله @ChemEng_IUST  🔻نشریه @Tabesh_chemeng  📖کتابخانه @Chemeng_IUST_Book  👤روابط عمومی @Chemeng_iust_admin
parikshajn,channel,Pariksha Junction / परीक्षा जंक्शन,125,"Welcome to #ParikshaJn.  आपके अपने YouTube channel  Pariksha Junction  पर आपका स्वागत हैं  l  👉 परीक्षा जंक्शन / Pariksha Junction - मतलब एक ऐसा फ्री Educational Channel जिसके माध्यम से समस्त प्रतियोगी परीक्षाओं जैसे - UPSC, SSC, UPSSSC, BANKING, RAILWAY"
csatbygauravnagar,channel,CSAT By Gaurav Nagar,172,"Prepare for success in the Civil Services Aptitude Test with expert guidance, comprehensive study materials, exam strategies. Join us to unlock your potential, ace the exam, and embark on a fulfilling career in public service."
parikshapecharcha,channel,Pariksha Pe Charcha,44,Pariksha Pe Charcha is a discussion forum for all the exams in India
guillembaches,channel,Guillermospeech,67,www.guillembaches.com Chess International Master and Professional Blogger. Follow me on 𝕏 and suscribe to my YouTube channel for more content. Contact: @guillermowin
perainstitutepolitybynshyam,channel,PERA INSTITUTE PUNE,14751,स्पर्धा परीक्षेची तयारी करणाऱ्या प्रत्येक विद्यार्थ्यासाठी उपयुक्त चॅनल आहे.  Teligram link- PERAINSTITUTE Ph No.- 9209230915/9004611932 https://youtube.com/@politybynshyam?si=SyUpk22-2579a_fn
parilkateam,channel,Школа Рыбы,2147,"Директор обучающих курсов @ryba_team Рассказываю, как течет студенческая и преподавательская жизнь в Школе Рыбы"
parsibaan1,channel,Parsi Baan پارسی‌بان,572,در گستره‌ی ادبیات و فرهنگ  راه‌های ارتباط:  info@parsibaan.com parsibaan1@gmail.com اینستاگرام: instagram.com/parsi.baan فیسبوک: facebook.com/parsibaan ایکس: twitter.com/parsi_baan یوتیوب: youtube.com/@parsibaan وبسایت: www.parsibaan.com
parkerteam,channel,PARKER TEAM,263,Спортивное сообщество команды PARKER. Секреты Бодибилдинга будут раскрыты!  По всем вопросам к администратору @yetipage
parkovyyteam,channel,LD Парковый | Танцуй свободно 🌏🫂,300,"✨ Это телеграмм канал 1-го филиала,   у нас всегда кипит жизнь!   💃Наши дети учатся чувствовать ритм, раскрывают творческий потенциал и участвуют в различных мероприятиях. Здесь вы можете наблюдать за нами 📸  📍Наш адрес:  Краснопольский проспект 5И"
paper_team,channel,Paper Team,364,"защищаем инфраструктуру актами, регламентами и согласованиями"
xiaomi_hyperui,channel,Only Talk - OFFICIAL: A Digital Creator,2099,"Join This For MIUI, Realme UI, Oxygen OS, iOS and OneUI Updates www.youtube.com/onlytalk"
huaxit,channel,acotteri,375,если есть какие то вопросы пишите
xiaomi_whosele_moscow,channel,Apex Device,921,Xiaomi Samsung оптом Москва ТЦ Горбушка   Отправка по всей России   @bobodjonov1118
xiaomiclub,group,Xiaomi / Redmi / POCO клуб от Mobiltelefon,395,Клуб Xiaomi и Redmi от Mobiltelefon.ru  НОВОСТИ И ОБЗОРЫ: @mobiltelefonru СКИДКИ: @skidkimt OnePlus: @oneplusfan  Samsung: @samsung_galaxy_club Huawei: @honorhuaweiclub iPhone: @apple_club_ru Realme/OPPO/vivo: @realmeclub Meizu: @meizuclub
xiaomi_pt,group,Xiaomi_Portugal 🇵🇹,268,"Bem vindo ao grupo Xiaomi em Portugal, bom senso e respeito por todos são as regras básicas, diverte-te!! Todas as ideias são bem recebidas.  Para ver as notas escrever /notes  Grupo de fotos - http://bit.ly/2T6q7qg"
xiaomi14ultraphotography,group,Xiaomi 14 Ultra | Photography,410,
omikamiportal,group,Omikami,11743,IN GOD WE TRUST  Omikami: Unleashing Abundance in the Crypto Realm.  🌐 Website: https://omikamitoken.com  ✖️ X: https://x.com/Omikamitoken  🌒 Telegram: https://t.me/OmikamiPortal  Here to outperform both SHIB and DOGE.
shigami_ru,channel,SHIGAMI.RU,782,"ИНТЕРНЕТ-МАГАЗИН 🛍️ https://shigami.ru Бьюти-стор📍Смольный 13  SHIGAMI  — это бескомпромиссный стиль жизни, в котором вы получаете только самое лучшее. Это курированный выбор косметики ведущих мировых производителей и селективной парфюмерии.   Stay tuned!"
shiawase_stars,channel,𝗮𝗻𝗴𝗲𝗹 𝘀𝘁𝗮𝗿𝘀,2130,
shikybase,channel,Что там у Шику,548,Новый канал 18+ Щп: https://t.me/+kEROXi6d1zw4ZmNi  Архив: https://t.me/Shikyarhiv Анон:http://t.me/anonaskbot?start=LFML5N2PNCNJF2M
zoomechkaosu,channel,zoomechka,190,
shrimimi,channel,SHRIMIMI ! 𝓃𝑜𝓉 𝓈𝒽𝓇𝒾𝓂𝓅𝓊𝓇𝓇𝒾,128,i’ll post my silly drawings here once in a moon cycle :3
xikersl0vee,channel,Чимин?,82,http://t.me/anonaskbot?start=HEcv1_4vTOR75t6<----- Анон  hyuna120m - тт  –@XikersLovee
joakowoio,channel,чибибоксиляндия,46,я тут рисую щп: https://t.me/+hy9SEBs82ToxMDYy
limerence_cos,channel,Древо Лимеренции 18+,40,Жиза
shimi_lim_cosplay,channel,•. ✨Резиденция Шими✨.•,63,Косплеи Шими Лим  Анонимка - https://t.me/anonque_bot?start=u5oe9  ЩП - https://t.me/trashbox20  ТикТок - https://www.tiktok.com/@shimi_lim?_t=ZS-8uqAWvihLxi&_r=1
sheglamiran,channel,شیگلم,3,کانال جدید ما milnohub
sanishimi_bot,bot,Анонимка Шими!,,
patenteya_bot,bot,Patenteya,,
weighheighandupsherises,channel,Weigh heigh and up she rises,749,Стихи каждое утро
smart_shetkari,channel,हवामान अंदाज ⛈️,216,
didban_a_h_z,channel,کانال خبری دیدبان آب هوا زمین🌍,321,((مافقط یک زمین داریم برای حفظ آن همه باهم باید بکوشیم!))  به پایگاه اطلاع رسانی دیدبان آب هوا زمین خوش آمدید  این سازمان مردم نهاد(NGO)دارای مجوز رسمی فعالیت از وزارت كشور است  ارتباط با ادمین: @didbanahz  اینستاگرام: didban.ahz  سایت: www.didebanahz.ir
iidozham,channel,دُژَم؛,356,یه روز یه قاصدک تو هوا میزد پرسه :)! https://t.me/XBCHATBot?start=sec-feiagciige
badthingsyo,channel,太陽 headache,115,Doesn’t matter where I’ve been
glebassee_tg,channel,Houdini,33,
ariaily_me,channel,Ariaily,126,یه مهندس درون‌گرا و کمالگرا و البته خسته  اینجا هم میتونی پیام بدی👇 http://t.me/HidenChat_Bot?start=1270766297
darakeinjast,channel,ℋℰℒℒ,250,Welcome to the hell !   درکه... اینجا هوا خنکه    𝕃𝕚𝕝𝕚𝕥𝕙 : @HellsRoomBot https://t.me/HarfChatBot?start=83b9e9fa14e5
bystryefoto,channel,ФотоФлай,179,"Быстрые фото, зарисовки, релакс"
n1k11sh4,channel,Lúla крутая|переезд,138,ᶻzᶻzᶻz
opensource66,channel,eyehavenomercy,22,rokudayme x tsuk1da
xiaomi_myg100,group,Аквариум Xiaomi MYG100 & MYG200,5550,"Этот чат посвящен умным аквариумам от сяоми Xiaomi: MYG100 и MYG200, DESGEO: M1, M1 Ultra и S600 и другим умным аквариумам (Dangbei, Sunsun, Pawgether).  Админ ➡️ @kegas"
xiaomirepairnet,channel,Xiaomi Repair,3298,xiaomirepair.net  Kanal ve Gruptaki işlemler ücretlidir. Son kullanıcı kanalı ve grubudur! @xiaomirepair_net
xiaomidictos,channel,⌨️XiaomiDictos💻,1549,📲Te traemos todas las ofertas del ecosistema de Xiaomi  💈 Todos nuestros canales: @CanalesLista 👤 Contacto: @Kuandoo 📩 Mail: canalesOfertas@gmail.com  ℹ️ Los enlaces incluidos son de afiliado.
ldateam,channel,LDA TEAM - Магическая битва 3 | Судьба/Странная подделка,11265,"Официальный телеграм канал команды озвучивания LDA TEAM  Наши релизы на Anixart, VK, Anilib, kodik, anime365  VK - https://vk.com/ldatm  Дать буст каналу: https://t.me/boost/Ldateam  Чат для общения: https://t.me/+7LNSO5YDkZkxMDBi  Сотрудничество: лс ТГК"
futorum,group,Futorum Watch Faces,993,"New watch faces, discounts and coupon giveaways. NOT FOR SUPPORT ISSUES."
tusateam,channel,TUSA team,720,We're the team of animators and artists. Bohdan @Tarantinono & Mariia @Sokratova  https://www.behance.net/tusateam
tulateam,channel,Команда,264,Команда — тульское сообщество активистов  Отправить донат: boosty.to/tulateam  Связаться с нами: @tulateambot
tarbiatmodaresunihistory,channel,انجمن علمی دانشجویی تاریخ دانشگاه تربیت مدرس,676,کانال انجمن علمی دانشجویی تاریخ دانشگاه تربیت مدرس  اینستاگرام: https://instagram.com/tarbiatmodares.un.history?igshid=YmMyMTA2M2Y=
iranicomosorg,channel,ایکوموس ایران,1706,کانال رسمی موسسۀ فرهنگی ایکوموس ایران Iranicomos.org
profnooralgeria,channel,محمد عبد النور,201,أكاديمية مسالك المعرفة
sinaaghighi,channel,Sina Aghighi | سینا عقیقی,141,«ای کاش کفنم پرچم ایران باشد»
ashmuseumuma,channel,موزه تاریخ علوم اردبیل(دانشگاه محقق اردبیلی),333,ارتباط با ادمین کانال:   @CentralAdmin97
ctihistory,channel,انجمن ایرانی تاریخ استان تهران,393,شماره تماس انجمن نشانی پست الکترونیکی انجمن لینک دعوت کانال تلگرام https://t.me/ctihistory
abdullahmolazahi72,channel,عبدالله ملازهی[معتقد به اسلام،متعلق به بلوچستان],144,*لینک کانال: عبدالله ملازهی [کتب و مقالات]* @AbdullahMolazahi72 کانال با هدف ارائه آثار[کتب+مقالات]و دیدگاه های عبدالله ملازهی درموضوعات مختلف دینی و مذهبی وموضوعات بلوچ و بلوچستان+مطالب مفید دیگر در این موضوعات ایجاد شده است. ارتباط با مدیر:‎ @asn_72
history_unn,channel,انجمن علمی تاریخ اسلام دانشگاه نیشابور,99,کانال رسمی انجمن علمی تاریخ اسلام دانشگاه نیشابور  ارتباط با دبیر انجمن: @T_rezaee133  ارتباط با روابط عمومی: @nargeskahani  اطلاع رسانی نشست ها، کارگاه‌ها، سمینار و همایش و نشریه و همکاری با دانشگاه ها و انجمن های علمی تاریخ در این کانال صورت می‌گیرد.
abdmohammadkhani,channel,سخنگوی شهرداری تهران | عبدالمطهر محمدخانی,238,صفحه رسمی سخنگوی شهرداری تهران  اینستاگرام:  instagram.com/abdolmotahhai  ایتا:  eitaa.com/abdmohammadkhani  بله:  ble.ir/abdmohammadkhani  ایکس(توییتر سابق):  x.com/AbdolMotahhar
velikayaobshina,channel,ВЕЛИКАЯ ОБЩИНА-ПРЕЗИДЕНТ МАГОМЕД МУСАЕВ,226,Общественная-Полит деятельность🇷🇺 🔹Благотворительность 🔹Культурно-выездные мероприятия 🇷🇺Интересы-Государства🇷🇺  🇷🇺Гуманитарная -помощь🇷🇺 🇷🇺Поддержка Бойцам СВО🇷🇺
aouboomww,channel,souls ✧ aouboom ៹ saturn,4094,""" if u r the sun, i’ll be the star !! ""  —  daisy . "" thank you for being a bríghtness in every day of my life ""  —  jelly .  @daillylove_bot — anon   cr. ::  popoppo92 ; daisyjellyboo ; cantalooping / twi 🤍"
bieberfeverlmao,channel,бибер лихорадка,438,"Ни один хейтер не стебётся над Джастином сильнее, чем родные белиберы ❤️  Канал от https://t.me/jbarmyru"
irlrohankishibe,channel,JJBA ✧ CONFESSION,374,анон бот —@jjbacfanon_bot не анон бот — @jjbacff_bot  буст кф : https://t.me/boost/JJBA_cf
gabv1elcf,channel,gabv1el daily & cf 🪽🦾,322,Cr - @friedri_ce Бот @Gabv1elNationBot  Начало 19.10.24
japanmusic_confession,channel,[НАБОР В АДМИНЫ] jpmusic confession,291,"!     JAPAN MUSIC CONFESSION - конфа, посвящённая японской музыке, в каком бы жанре она ни была! здесь можно делиться музыкой, фанатским творчеством, группами и таааак далее"
j0pajackconfession,channel,J0paJack confession👍,266,Просто конфешн по замечательному ютуберу Бот @J0paJackcfBot
jabberkinnirl,channel,ˏˏ𝙅𝗔𝗕𝗕𝗘𝗥ˊ˒˒𝙒𝗼𝗻𝗴𝗲𝗿 𝙆𝗜𝗡𝗡,228,"привет, там твоя мама-->  https://x.com/Dante_1311pd"
zanfucf,channel,занфу cf × daily,119,@zanfukfbot  @zanfucfchat
nikbcf,channel,HikB CONFESSION!🌹🦎,136,Конфешен по пейрингу НикБи. @NikBCF_bot
cf_johnegbert,channel,John Egbert cf+daily,201,бот === > @cfjohnegbert_bot       art credit topazice on twt/X :B
ladybug_viv,channel,Ледибаг,46,Супергероиня.   Дитя @vodafivelitrov Автор всех фото @LQvivi
mateojjj,channel,j200,82,
glowbertcf,channel,(Закрыто навсегд)GLOWBERT CF 🐟🌹,55,кф по глоуберту👀💀 Тейки - @GlowbertTakesBot
ooapelcinchkk,channel,𝗺𝗮𝗿𝗮𝘇00𝗺 𝗰𝗳 !! 🗨️,47,тейк бот @marazo0mcf_bot !
wereuby,channel,J,18,"“I don’t wanna go back in time. I love now. I love this version of myself the best, the most”"
jukeboxarchive,channel,Jukebox Archive,26,"Архив хип хоп культуры без цензуры. Семплы, история и звук, который не прошел фильтры."
sahaflowerrp,channel,[ ʀᴇᴡᴏʀᴋ ] »𝖲𝑎ℎ𝑎 𝐹𝑙𝑜𝑤𝑒𝑟«,13,https://t.me/boost/SahaFlowerRp И̷н̷ф̷о̷ л͛у͛ч͛ш͛е͛й͛ р̷п̷ х̻д̻д̻д̻
jabeerytv,channel,Jabeery Tv,1985,• Bama Bin Mutum Ta DM Firstly A Kiyaye.  • Ku kasance damu Ta hanyar yin Subscribe a Youtube dakuma bin shafinmu na Telegram domin samun Videos da muke dorawa..na (Technology). Muna godiya..
zaberi_cvoe,channel,Лидия Корнеева | Отношения с собой и не только,233,"Полимодальный психолог.                                                            Радость и наслаждение — это базовая врождённая настройка, их не нужно достигать. Нужно к ним вернуться!                                       Задать вопрос @korneevalidiya"
jabezlife,channel,Jabez Life,115,"Welcome to Jabez Life! Sharing my journey in tech projects, books, fitness, Bible reflections, and work progress. Learn, grow, and stay motivated!"
jabri,channel,Jabri,9,@Esmaeil
jabajabaja,channel,jabajaba,18,jabster
quran_ali_jabir,channel,قرآن بصوت علي جابر,55,صدقة جارية عسى تنفعنا
mej_tabari,channel,محمد بن جریر طبری,86,
radio_gerl,channel,Радистка Кэт✍,308,
yogatantraclub,channel,Посвященный,29,Телефон + 7 964 720 00 00 Запись в группы и на индивидуальные тренинги. Сайт: https://vk.com/yogatantraclub
nekokomishop,channel,NeКоmіShop,371,"Радий всіх вас бачити💕   Для замовлень пишіть @nendoadmin  В NeKomiShop ви зможете знайти багато різної атрибутики по своїм улюбленим персонажам, брелки, акрилки, плакати, м'які іграшки та багато чого іншого🥰"
pisochnytsiapr,channel,ПІСОЧНИЦЯ,276,"Друже, подруго, радий бачити в команді! Тут ми ділимось досвідом та вивчаємо крипторинок.   Основна інформація в закріплених повідомленнях.   Офіційні чати каналу: https://t.me/nekryptoiuyedynoiu_chat https://t.me/Pisochnytsia_Crypto"
mc_lv_official_tg,channel,Хтось із Заходу OFFICIAL,185,"Всім привіт! Радий вітати вас на своєму каналі, тут все про музику і тільки про неї!)"
alienstageua,channel,Неземна сцена [ALIEN STAGE українською] // UA,2859,Зв'язок з адміністрацією: @AlienStageBot
vvpudpo1973,channel,Вінницьке вище професійне училище ДПО,637,
realna_viyna,channel,Реальна Війна 18+ | War,394,"🇺🇦 Зведенні новини з фронту, ключові події – розповідаємо про все, що потрібно знати в Україні.  Ми працюємо 24/7, повідомляємо Вас про актуальні події України та світу 🌏   📊 Питання реклами / пропозицій / надіслати контент @business_adm"
ventspils_ukraina,channel,Ventspils-Ukraina,162,
mafiaukraine,channel,Мафія в Україні,682,Все про спортивну мафію ♥️🖤
vpoukraineshostka,channel,"ГО ""ВПО Україна"" м. Шостка",272,
vonahabshostka,channel,ВОНА хаб_Шостка,111,"ВОНА хаб - проєкт з розвитку професійного потенціалу та фінансової спроможності жінок, котрі постраждали від домашнього/гендерно зумовленого насильства або знаходяться у групі ризику.  www.vonahub.org.ua www.instagram.com/vona_hub www.facebook.com/vonahu"
kennel_of_matroskin,channel,Конура Матроскіна🎀,101,Адаптована копія конури під сосаєті /ф інші соц мережі: https://linktr.ee/matroskin.k
vpoukrainekr,channel,ГО «ВПО Україна» Краснопавлівка,185,
kikiklxik_esc,channel,kikiklxik 🇺🇦🕊🌻 | che fastidio!,41,НАЛІПКИ/ЕМОДЖІ:  https://t.me/kikiklxik_esc/383
im_not_bottom,channel,Омлет з рисом|топ один фанатка прибульців!!!,125,А я знаю? Малювальний тег #начесекс Кулінарний тег #каральнакулінарія чисто малюнки https://t.me/painapuru9
sumskapalyanycya,channel,🥀Лікувальні трави Слобожанщини,44,косплейні будні Дани Піксівни
godresky_vika3,channel,➔ Цісарська Вікторія (Victoria 3) | #УкрТґ,64,На цьому каналі живе переклад для Victoria 3 та модів на неї  Підтримати канал: https://send.monobank.ua/jar/7H5RNWs4kw
chinsuart,channel,𝓒𝓱𝓲𝓷𝓼𝓾,67,"Тут будуть: • Комішени • Мої роботи • шп • Оски, їх історії • Недо анімації Буст: https://t.me/boost?c=2157452792"
rinfin,channel,РИНФИН,50,Официальный канал Юридической и консалтинговой компании ОАО РИНФИН www.rinfin.ru
giovinezza_fake,channel,GIOVINEZZA,17,Primavera di bellezza
zssc_tir,channel,Благодійний фонд ЗССК,20,"В мирний час ми – організація спортивно-стрілецього тиру.  У воєнний час ми створили БФ, що закупає та передає на передову каски, бронеплити, плитоноски, медичні турнікети.  instagram.com/zssc_zp"
berceauu,channel,Квас всрався,23,
ecovata03,channel,Ecovata03 Утепление эковата 🌿 макулатура♻️,997,"Компания «Эковата 03»🌿: Производство,продажа,монтаж! ХОЛОДНО❓ 🟢Будет тихо,сухо и ТЕПЛО! 🔴Опыт более 17 лет. 🟢Уже более 3 680 объектов. 🔴Сделано в Бурятии❗️ 🟢Гарантия 5 лет. ♻️Купим макулатуру!📚 Пиши ⬇️ +79244566511"
kino_pro_best,channel,КиноPro,265,Уютный канал для любителей кино 📽 Здесь тепло и сухо.
the_cbipou_ezh,channel,Сырой Ёж 🍷,50,связь: @CbIPOEWKA
ksublt,channel,"Ксюша, блять.",161,Заметки девочки-катастрофы.   Или карта синяков и ссадин.
antiguruspace,channel,Antiguru,219,"Канал словоблудный, для любителей жизненной рефлексии и длинных текстов.   Анонсы и объявления, все о Лиле, терапии, сессиях здесь: https://t.me/antigurupro"
steel_krom,channel,Крепость Инквизитора,193,"Великий инквизитор и его преданный ученик говорят о религии, мистике, честной жизни и тонкостях человеческой души.  Здесь сухо, тепло и много книг. Мы всегда рады путникам. Садись у камина и присоединяйся к беседе, пока горит огонь 🔥"
neschee,channel,Сыр с маслом♡,116,
sushkatytt,channel,заморожен | сушка тут,147,искренность – это красиво  личка - @deskkw
sapper_anarchy,channel,Сапёр,17,"О, это я удачно зашёл!  Стихи - https://stihi.ru/avtor/michaelsaw Английская шняга - https://allpoetry.com/Michael_Sapper_Sawyer"
sycamorefruit44,channel,Стикеры от Ан Сухо,86,По вопросам писать- @vigenator11
mentill_4,channel,ᅠᅠ. . . ментилᅠᅠ,95,hi ᵘᵗᵒᵖᶦᵃ×ᵐᵉᵃᶜᵘˡᵖᵃ  ментил/шин бог : любые местоимения : +2 к мск топ фанаты: 1. свинота викс 3. сухо хелокити
vsegdasuho,channel,Всегда сухо,73,"Гидроизоляция и ремонт бетона  👨‍🔧 Гидроизоляция подземных сооружений с гарантией. Работаем в ЮФО, СКФО.  Продажа гидроизоляционных материалов во Владикавказе  ☎️ +7 (928) 498-98-48 http://vsegdasuho.ru/"
circaaquam,channel,Сухо о воде / гидрология,81,Разумные ответы на водные вопросы  Полезная информация о гидрологии и гидрологических расчетах  Ищите термины через поиск по каналу
novok_official,channel,NOVOK.,35,Музыкант  Для всех сообщений есть вот: @sunassistant
m1shutk_2,channel,M1SHUTK,16,https://www.twitch.tv/m1shutk?sr=a
drewdoinsumshet,channel,𝘿𝙧𝙚𝙬 𝙙𝙤𝙞𝙣 𝙨𝙪𝙢 𝙨𝙝𝙚𝙩 𝟏𝟔+,48,здесь чота рандомнае  Основа: https://t.me/yobadboys
schizo_br,channel,Schizo broadcast,36,Саня срет стихами и бредом
surichuu,channel,Surichu,27,Улыбаемся и пашем
tony_ir,channel,- 𝐓𝐎𝐍𝐘 | چخبره؟,222736,
tony_chenle,channel,𝖒𝖞 𝖔𝖜𝖓 𝖒𝖎𝖓𝖉🥷🏻,10872,👑
tonysnip3rcommunity,channel,TONY SNIP3R COMMUNITY,43515,Visit https://tonysnip3racademy.com  Link to contact me via telegram  http://t.me/tonysnip3r  https://app.fundingpips.com/register?ref=TONYSNIP3R
tony_reznik,channel,Tony Reznik,1500,"Слизневый бог, Группа UNSX, рокстар а еще стример, блогер и даже режиссёр  https://www.instagram.com/tony_reznik/profilecard/?igsh=MWVma295c2pzempkMQ==  https://youtube.com/@tonyreznik?si=macGJXoU_p8TcGQj  https://www.twitch.tv/tony_reznik"
tonbuddy,channel,TonBuddy Announcement,7498,🔊 Chat Group: http://t.me/tonbuddy_main  🎮 Game: https://t.me/tonbuddygame_bot
tonylimst,channel,金商有你 - 财经资讯,8007,www.wctworldwide.com  www.wbamarketing.com
toncapygame,channel,Ton Capy Game,4592,Ton Capy Earn Ton Coin Free
mikhailmavashi,channel,Михаил Фёдорович Маваши,242787,Официальный telegram-канал Михаила Фёдоровича Маваши  Официальные ссылки: https://vk.ru/m.f.mavashi1313  https://vk.ru/m.f.mavashi  https://vk.ru/mavashigroup  https://max.ru/join/kwrQtlHpd2NzL3vsDSt_pnK0rm0vnNHvDVJR-ZxmPw8
milosevic_online,channel,Artem Milošević,3082,Ż-телеграм канал Или Ź  №22828214893591352  Предложка @milosevic_online_bot
varzesh,channel,ورزش,1932,
mgslv1,channel,mgslv,844,Slaveg
sergeytimoshov,channel,Sergey Timoshov,824,Диджей / Музыкант / Звукоинженер Мой канал про техно релизы - https://t.me/technomasses Мой канал про электро релизы - https://t.me/electromasses Мой YouTube - https://www.youtube.com/@smerega/videos
varzesh_javanan,channel,اخبار ورزش و جوانان چهارمحال و بختیاری,1128,جدیدترین رویدادهای ورزش و جوانان استان را اینجا مشاهده کنید  I اینستاگرام https://www.instagram.com/varzesh.chb  I ایتا https://eitaa.com/varzesh_javanan_chb  I تلگرام https://t.me/varzesh_javanan
markiznyan,channel,мявкизнян 🔞,184,nsfw alert 21 лет
manyukvirchi,channel,Вірші. Мирослав Манюк,76,
divarzesh,channel,دیروزنامه ورزشی,124,دیدار دوباره با جراید ورزشی قدیمی کشور
mrkulish_chat,group,[CHAT] MR_KULISH,196,Чат для вашого спілкування 🫡  Засновник: @olegkulish  🦄Twitch: twitch.tv/mr_kulish 🍿YouTube: youtube.com/@mr_kulish
trueshalakrinzh,channel,труеша ла кринж,73,"Есть разные компетенции, но в этой… Чувак, просто слушай и смотри как я выёбываюсь и кивай Да, я имею на это право"
verskyy228,channel,Verskyy#MSR,175,
varzeshtg,group,اخبار ورزشی,83,@VarzeshTV
mr_t_r_a_s_h,channel,mr-tr4sh,61,"artist craftsman creature фандомы: Dispatch, X men, DC для трейдиков, коммишек, скинуть фотки своих котиков и песиков - пишите в дм канала"
veresk_chinesedragon,channel,Вереск 帚石南: Китайский дракон 🐉,2250,"🐲ФЕСТИВАЛЬ «ВЕРЕСК 帚石南: Китайский Дракон"" ❗️Даты: 12-15 ИЮНЯ 2025г. 📍Место: археологический парк ""Аргамач"". Липецкая область. 🔸БИЛЕТЫ: http://qtickets.ru/event/116627 🏕 Жители Вереска: https://t.me/veresk_live"
krepyshsport,channel,КРЕПЫШ | Детский спорт,905,Школа разностороннего развития Научим всему!  -Группы от 3 до 13 лет -Авторская методика  Запишись на бесплатную пробную тренировку 📲 https://wtsp.cc/79011506306  Сайт школы - http://krepysh-school.ru/
veresk_fest,channel,Фестиваль Вереск 2026,900,"🍀ФЕСТИВАЛЬ ""ВЕРЕСК"". ❗️Даты: 11-14 ИЮНЯ 2026г. 📍Место: археологический парк ""Аргамач"". Липецкая область. 🔸️БИЛЕТЫ: https://qtickets.ru/event/198286 🏕 Жители Вереска: https://t.me/veresk_live"
dressbystesha,channel,DRESS BY STESHA,3424,https://dressbystesha.ru
veresk_live,group,Жители Вереска,492,"🍀ФЕСТИВАЛЬ ""ВЕРЕСК. Сердце дракона"". ❗️Даты: 11-14 ИЮНЯ 2026г. 📍Место: археологический парк ""Аргамач"". Липецкая область. 🍀Основной канал фестиваля: https://t.me/veresk_fest"
posvetski21,channel,Po.SVETSKI⚜️Светское мероприятие,565,"12 ноября Verona Hall  Билеты   https://cheboksary.qtickets.events/195095-posvetski  ✨Пространство, где ценят искусство, роскошь и ту редкую энергию, что рождается в зале между вдохновением и восхищением✨ По вопросам: @InnaAndreeva111"
skvershinann,channel,Клуб Адаптивных Видов Спорта «Вершина»,265,- Хоккей неслышащих - Детский хоккей неслышащих - Бадминтон неслышащих - Конькобежный спорт незрячих  однᴀ цᴇᴧь - однᴀ ʙᴇᴩɯинᴀ 🏔  Ссылка на сайт: https://adsvershina.ru/#sports1  Ссылка на группу в ВК: https://vk.com/skvershinann
vverhvg,channel,"Центр воздушной гимнастики ""ВВЕРХ""",163,
vepsyan_priha,channel,Vepsän priha | Вепсский парень,248,"«ВП» – канал про праздники, традиции и язык вепсов (и иногда про других близлежащих народов).   Админ является средним приоятским вепсом. Корни: Азмозеро, Винницы, Гонгиничи, Курба, Ладва, Мягозеро, Немжа, Озёра.  Канал основан 30 апреля 2024 года."
verescandles,channel,Вересъ — каталог товаров,213,"Актуальный ассортимент локального Московского бренда @verescult  По любым вопросам — @irkin_mr, Ирина"
mahinsworld,channel,Mahin's World,5008,YouTube blog: https://www.youtube.com/channel/UCLR6VeCivHaoF_RBcfVAwGg
vantaproducer,channel,VantaProducer,4149,برای سفارش و خرید بیت و میکس و مستر به ایدی زیر پیام بدید: @vantaprod
escargot_dor,channel,Эскарго Д’Ор Улиточная ферма,513,Бронирование посещения по ссылке: bronirui.online/eskargo-d-or/uslugi Для сотрудничества:  @nataliaderevyannykh
besalesman,channel,Антон Москвитин. Заметки сейлза,1061,"Как стабильно делать 120% плана и выше  Система управления ""Дирижер Продаж"" (МОП/РОП/Фаундер) https://salesmanagementsystem.tilda.ws/"
leonidkostyuk,channel,Леонид Костюк,428,Буду писать о разном. Просто и ненавязчиво. А здесь сайт с лучшей (по моему мнению) мужской одеждой в России.  https://t.me/agentman_suit
ist_konst_mayor,channel,Константин Истомин|Курильский муниципальный округ,581,Официальный канал Главы Курильского муниципального округа Сахалинской области Константина Истомина
